ADAM RIVER (except Eve River),,,,,,"Artificial fly only upstream of Eve River, to Hwy 19 bridge","(50.460562, -126.281578)"
AHNUHATI RIVER,TRUE,,,,Apr 1-Oct 31,Class II water,"(50.893884, -125.647037)"
AHNUHATI RIVER,,,,,Apr 1-June 30,Steelhead Stamp mandatory ,"(50.893884, -125.647037)"
ALICE LAKE,,,,,,"Bait ban, single barbless hook, no trout over 50 cm","(50.454182, -127.401671)"
AMOR LAKE,,,,,,Trout daily quota = 2,"(50.159829, -125.559268)"
AMOR DE COSMOS CREEK,,,,,,No Fishing upper falls downstream 1 km to (Bear River) logging road bridge 3 km from tidewater,"(50.281030, -125.649358)"
AMOR DE COSMOS CREEK,,,,,Dec 1-May 31,No Fishing from mouth to falls about 4 km upstream,"(50.281030, -125.649358)"
“ANDERSON” LAKE,,,,,,"Artificial fly only, bait ban, single barbless hook","(49.729370, -125.197012)"
“ANDERSON” LAKE,,,,,,Trout and kokanee release at Unnamed lake in the Walbran Creek Watershed approximately 7 km west/southwest of Mt. Walbran,"(49.729370, -125.197012)"
ANTLER LAKE,,,TRUE,,,No powered boats,"(49.803886, -126.051309)"
ARTLISH RIVER,,TRUE,,,Nov 1-Apr 30,No Fishing upstream of the boundary signs at the bridge crossing approximately 10 km from the mouth,"(50.117165, -127.082855)"
ASH RIVER,,,,,,No Fishing from Elsie Lake to Dickson Lake,"(49.3656, -124.9804)"
ASH RIVER,,,,,Dec 1-Apr 30,No Fishing from Dickson Lake to signs 200 m downstream of Lanternman Falls,"(49.3656, -124.9804)"
ASH RIVER,,,,,,No Fishing from Dickson Falls downstream 30 m to signs,"(49.3656, -124.9804)"
BAINBRIDGE LAKE,,,,,,No angling from boats; Youth/Disabled Accompanied Water year round,"(49.204586, -124.731661)"
BEAR LAKE,,,,,,See Cowichan Lake,"(48.814319, -124.127196)"
BEAR RIVER,,,,,,See Amor de Cosmos Creek,"(50.281030, -125.649358)"
BEAVER LAKE,,,TRUE,,,"Smallmouth bass daily quota = 4; Engine power restriction - 7.5 kW (10 hp), no towing on parts","(48.514215, -123.391713)"
BENSON RIVER,,TRUE,,,,Fly fishing only,"(50.417996, -127.371104)"
“BIG QUALICUM” RIVER,,,,,,See Qualicum River,"(49.395466, -124.617130)"
BLACK CREEK,,TRUE,,,Dec 1-May 31,No Fishing,"(49.888923, -125.139369)"
BLACK CREEK,,,,,July 15-Aug 31,No Fishing,"(49.888923, -125.139369)"
BLACKBURN LAKE,,,,,,No powered boats,"(48.821924, -123.484388)"
BLACKWATER LAKE,,,,,,Trout daily quota = 2,"(50.167545, -125.592194)"
BONANZA LAKE,,,,,,"Bait ban, single barbless hook, no trout over 50 cm","(50.363641, -126.769858)"
BOOT LAKE,,,TRUE,,,"Bait ban, single barbless hook, trout daily quota = 2","(55.189611, -120.459877)"
BRANNEN LAKE,,,TRUE,,,Speed restriction on parts (60 km/h),"(49.211687, -124.056109)"
BROWNS RIVER,,,,,,No Fishing,"(49.691606, -125.061879)"
BUTTLE LAKE’S TRIBUTARIES,,,,,,Fly fishing only; except Thelwood Creek is closed all year,"(49.814546, -125.609326)"
Thelwood Creek,,,,,,No fishing,"(49.566246, -125.554825)"
(Lower) CAMPBELL LAKE’S TRIBUTARIES,,,,,Feb 1-July 15,"No Fishing, including Campbell River between Strathcona Dam and (Lower) Campbell Lake","(49.992417, -125.447465)"
CAMPBELL RIVER,,,,,,No Fishing between Elk Falls and John Hart Dam Power Station,"(50.037277, -125.285451)"
CAMPBELL RIVER,,,,,,No Fishing from Strathcona Dam downstream 100 m,"(50.037277, -125.285451)"
CAMPBELL RIVER,,,,,Aug 1-Oct 31,No Fishing from the boundary sign at the end of Maple Street downstream to the boundary sign at the cement block,"(50.037277, -125.285451)"
CAMPBELL RIVER,,,,,Dec 1-May 31,No Fishing in any tributaries (except Quinsam River),"(50.037277, -125.285451)"
CAMPBELL RIVER,,,,,,From John Hart Dam Power Station to power line crossing approximately 200 m upstream of Quinsam River confluence: fly fishing only year-round,"(50.037277, -125.285451)"
CAMPBELL RIVER,,,,,Dec 1-May 31,Artificial fly only downstream of power line crossing approximately 200 m upstream of Quinsam River,"(50.037277, -125.285451)"
CAMPBELL RIVER,,,,,Aug 1-Oct 31,From a fishing boundary sign at the end of Maple Street downstream to the fishing boundary sign at the cement block: No fishing for salmon Aug 1 to Oct 31,"(50.037277, -125.285451)"
CAMPBELL RIVER,,,,,Oct 1-Dec 31,"downstream of the confluence with the Quinsam River: 4 coho salmon per day in the aggregate, only 2 of which may be greater than 35 cm and those 2 must be hatchery marked.","(50.037277, -125.285451)"
CAMPBELL RIVER,,,,,Jul 15-Sep 15,downstream of the confluence with the Quinsam River: 4 pink salmon per day,"(50.037277, -125.285451)"
CAMPBELL RIVER,,,,,,downstream of the confluence with the Quinsam River to the fishing boundary sign at the end of Maple Street: Chinook TBD,"(50.037277, -125.285451)"
CAMPBELL RIVER,,,,,,No vessels between Elk Falls and John Hart Dam Power Station,"(50.037277, -125.285451)"
CARNATION CREEK,,TRUE,,,,No Fishing,"(48.9141, -125.0029)"
CATHERINE CREEK,,,,,,No Fishing,"(50.433102, -126.587088)"
CAYCUSE RIVER,,,,,July 15-Aug 31,"No Fishing, fly fishing only upstream of and including Hatton Creek","(48.799038, -124.677597)"
CHEMAINUS RIVER,,,,,July 1-Sept 30,No Fishing downstream of Bannon Creek,"(48.841478, -123.829062)"
CHEMAINUS RIVER,,,,,Oct 15-Mar 31,"Coho salmon 1 per day, none over 35 cm.","(48.841478, -123.829062)"
CHEMAINUS RIVER,,,,,Dec 1-Sept 30,No Fishing upstream of Bannon Creek,"(48.841478, -123.829062)"
CHEMAINUS RIVER,,,,,,No Fishing from Copper Canyon Falls downstream 100 m to the fishing boundary signs,"(48.841478, -123.829062)"
Cayeghle River,,,,,Apr 1-Mar 31,Coho Salmon 1 per day,"(50.324580, -127.428170)"
CHICADEE LAKE,,,TRUE,,,Electric motors only,"(49.351377, -122.827913)"
CLAUD ELLIOTT CREEK,,,,,,No Fishing,"(50.323404, -126.570024)"
CLAUD ELLIOTT LAKE,,,,,,"No trout over 50 cm; bait ban, single barbless hook","(50.305719, -126.553391)"
CLEAR LAKE (Quadra Island),,,,,,Electric motors only,"(50.226080, -125.247701)"
CLUXEWE RIVER,,TRUE,TRUE,,Dec 1-May 31,No Fishing upstream of the West Main logging road bridge (approximately 7.5 km upstream of the Hwy 19 bridge),"(50.611158, -127.176810)"
CLUXEWE RIVER,,,,,Apr 1-Mar 31,"Coho Salmon 2 per day, hatchery marked fish only.","(50.611158, -127.176810)"
Conuma River,,,,,Aug 25-Dec 31,"Chinook 2 per day, only 1 over 77 cm.","(49.7935, -126.4409)"
Conuma River,,,,,Aug 25-Dec 31,"Coho 2 per day, hatchery marked only","(49.7935, -126.4409)"
COLQUITZ RIVER,,TRUE,,,,No Fishing,"(48.459444, -123.411111)"
COMOX LAKE,,,,,,No wild rainbow trout over 50 cm,"(49.6188, -125.1658)"
CONSORT CREEK,,TRUE,,,,No Fishing,"(50.097905, -126.051679)"
COPPER CREEK,TRUE,,,,Feb 1-Apr 30,"No Fishing from Skidegate Lake to signs at second bridge 6 km upstream of tidal boundary,
Cutthroat trout release","(50.790354, -120.767323)"
COPPER CREEK,,,,,Sept 1-Apr 30,Class II water,"(50.790354, -120.767323)"
COPPER CREEK,,,,,Dec 1-Apr 30,Steelhead Stamp mandatory,"(50.790354, -120.767323)"
COURTENAY RIVER,,,,,Dec 1-Sept 30,"No Fishing; speed restriction on part (8 km/h),","(49.681109, -124.979018)"
COURTENAY RIVER,,,,,Oct 1-Dec 31,Chum Salmon 2 per day,"(49.681109, -124.979018)"
COURTENAY RIVER,,,,,Oct 1-Nov 30,"downstream from a fishing boundary sign located 75m downstream of the weir at the lower hatchery (excluding the Morrison Creek closure below), Chinook TBD Coho 1 per day, hatchery marked only","(49.681109, -124.979018)"
COUS CREEK,,,,,Nov 1-Apr 30,No Fishing ,"(49.1850, -124.8318)"
COWICHAN LAKE (including Bear Lake),,,,,,Cutthroat trout daily quota = 2 (none over 50 cm),"(48.879747, -124.297081)"
COWICHAN LAKE (including Bear Lake),,,,,Nov 15-Apr 15,Bait ban and single barbless hook,"(48.879747, -124.297081)"
COWICHAN LAKE (including Bear Lake),,,,,,"Speed restriction on parts (8 km/h), plus overall 10 km/h speed restriction within 60 m of shore","(48.879747, -124.297081)"
COWICHAN RIVER,,,,,July 15-Aug 31,"No Fishing July 15-Aug 31
","(48.825252, -124.049461)"
COWICHAN RIVER,,TRUE,,,Apr 1-Mar 31,"including tributaries and Cowichan Lake, No fishing for chinook","(48.825252, -124.049461)"
COWICHAN RIVER,,,,,,from 66 Mile Trestle downstream to the white triangle boundary sign located in Sandy Pool Regional Park Coho salmon TBD,"(48.825252, -124.049461)"
COWICHAN RIVER,,,,,Sep 1-Nov 15,"No Fishing from the white triangle boundary sign located in Sandy Pool Regional Park, downstream to the tidal boundary.","(48.825252, -124.049461)"
COWICHAN RIVER,,,,,Nov 15-Apr 15,No Fishing from weir (dam) at Cowichan Lake’s outlet to Greendale Trestle,"(48.825252, -124.049461)"
COWICHAN RIVER,,,,,Sept 1-Nov 15,No Fishing in tributaries upstream of and including Holt Creek Fly fishing only upstream of CNR Trestle (Mile 66),"(48.825252, -124.049461)"
COWICHAN RIVER,,,,,Sept 1-Nov 15,No Fishing downstream of the CNR Mile 66 Trestle. Fly fishing only from signs at Greendale Trestle to CNR Bridge (mile 70.2),"(48.825252, -124.049461)"
COWICHAN RIVER,,,,,,Speed restriction (8 km/h) and engine power restriction - 7.5 kW  (10 hp) on parts,"(48.825252, -124.049461)"
COWICHAN RIVER,,,,,Sep 1-Nov 15,"downstream of the weir on Cowichan Lake to 66 Mile Trestle, Fly-Fishing Only","(48.825252, -124.049461)"
CRAIGFLOWER CREEK,,TRUE,,,,No Fishing,"(48.472971, -123.458244)"
CRANE LAKE,,,,,,"Trout release; bait ban, single barbless hook","(50.141978, -125.464953)"
CRESCENT LAKE,,,,,,"Trout release; bait ban, single barbless hook","(50.120245, -125.524657)"
CRUICKSHANK RIVER,,TRUE,,,,No Fishing,"(49.580055, -125.192346)"
CUSHEON LAKE,,,TRUE,,,Electric motors only,"(48.815878, -123.469519)"
DATLAMEN CREEK,TRUE,TRUE,,,Sept 1-Apr 30,Class II water,"(53.567243, -132.488263)"
DATLAMEN CREEK,,,,,Dec 1-Apr 30,Steelhead Stamp mandatory,"(53.567243, -132.488263)"
DAVIE RIVER,,TRUE,,,Dec 1-May 31,No Fishing downstream of Schoen Lake,"(50.198678, -126.572401)"
DEENA CREEK,TRUE,,,,Feb 1-May 31,No Fishing upstream of fishing boundary signs posted at second bridge approximately 5 km upstream of the tidal boundary,"(53.143889, -132.134444)"
DEENA CREEK,,,,,Sept 1-Apr 30,Cutthroat trout release Class II water,"(53.143889, -132.134444)"
DEENA CREEK,,,,,Dec 1-Apr 30,Steelhead Stamp mandatory,"(53.143889, -132.134444)"
DICKSON LAKE,,,,,,"No trout over 50 cm; bait ban, single barbless hook","(49.3975, -125.085833)"
DIMPLE LAKE,,,,,,"Trout release; bait ban, single barbless hook","(48.683333, -124.125556)"
DIVER LAKE,,,TRUE,TRUE,,Electric motors only;     wheelchair accessible fishing platform located in Diver Lake Park,"(49.203889, -124.013611)"
DONNER LAKE,,,,,,No powered boats,"(49.719722, -125.901667)"
DOUGAN LAKE,,,TRUE,,,Electric motors only,"(48.715, -123.613333)"
DURRANCE LAKE,,,TRUE,,,Electric motors only,"(48.548056, -123.477778)"
ECHO LAKE,,,TRUE,,,Electric motors only,"(49.986667, -125.410278)"
ELK LAKE,,,TRUE,TRUE,,Smallmouth bass daily quota = 4,"(48.529175, -123.395302)"
ELK LAKE,,,,,,"Engine power restriction on parts - 7.5 kW (10 hp); no vessels on parts, no powered boats on parts, no towing on parts","(48.529175, -123.395302)"
ELK LAKE,,,,,,A wheelchair accessible fishing pier is located on the lake’s northwest shore via Brookleigh Road,"(48.529175, -123.395302)"
ELK RIVER (Also see Buttle Lake),,,,,,Fly fishing only,"(49.873889, -125.743611)"
ENGLISHMAN RIVER,,,,,July 15-Aug 31,No Fishing,"(49.325278, -124.291389)"
ENGLISHMAN RIVER,,,,,,No Fishing from lower falls in Englishman River Park to signs approximately 100 m downstream,"(49.325278, -124.291389)"
ENGLISHMAN RIVER,,,,,Dec 1-May 31,No Fishing downstream of the lower falls in Englishman River Falls Provincial Park to the Top Bridge crossing at the end of Allsbrook Road,"(49.325278, -124.291389)"
ESARY LAKE,,,,,,"Trout release; bait ban, single barbless hook","(49.322222, -124.776111)"
EVE RIVER,,TRUE,,,Dec 1-May 31,No Fishing upstream of the fishing boundary signs (near the South Main Bridge crossing) located approximately 5.4 km downstream of the Hwy 19 bridge,"(50.437778, -126.246667)"
FAIRY LAKE,,,,,,"Trout daily quota = 1 (none over 50 cm); bait ban, single barbless hook; engine power restriction - 7.5 kW (10 hp)","(48.585, -124.346111)"
FAREWELL LAKE,,,,,,"Trout daily quota = 1 (none over 50 cm); artificial fly only, bait ban, single barbless hook","(50.200181, -125.591376)"
FICKLE LAKE,,,,,,"No trout over 50 cm; bait ban, single barbless hook","(50.329722, -126.544722)"
FLORA LAKE,,,,,,"Trout release; bait ban, single barbless hook","(49.113868, -121.415412)"
FORBUSH LAKE,,,,,,"No trout over 50 cm; bait ban, single barbless hook","(49.509444, -125.229167)"
FRENCH CREEK,,,,,Dec 1-May 31,No Fishing,"(49.35, -124.35)"
FRENCH CREEK,,,,,July 15-Aug 31,No Fishing,"(49.35, -124.35)"
FULLER LAKE,,,TRUE,TRUE,,Smallmouth bass daily quota = 4; electric motors only;     wheelchair accessible fishing platform is located in Fuller Lake Park,"(48.908611, -123.720833)"
GLEN LAKE,,,TRUE,,,Electric motors only; fishing platform is located in Glen Lake Park,"(48.433333, -123.51667)"
GOLD LAKE,,,,,,"No trout over 50 cm; bait ban, single barbless hook","(49.980833, -125.990278)"
GOLD RIVER,,,,,,"No Fishing upstream of the Muchalat River
","(49.681111, -126.1125)"
GOLD RIVER,,,,,Dec 1-May 31,"No Fishing downstream of the Muchalat River, but not including the Muchalat or Heber Rivers","(49.681111, -126.1125)"
GOLD RIVER,,,,,,"No Fishing between the cascade falls (located approximately 6.5 km upstream of Muchalat Inlet, UTM 709137E, 5512420N) and fishing boundary signs approximately 80 m downstream","(49.681111, -126.1125)"
GOLD RIVER,,,,,,No powered boats,"(49.681111, -126.1125)"
GOLDSTREAM RIVER,,TRUE,,,,No Fishing,"(51.651667, -118.622222)"
GOLDSTREAM RIVER,,,,,Apr 1-Mar 31,No Fishing for Salmon,"(51.651667, -118.622222)"
GORDON RIVER ,,TRUE,,,July 15-Aug 31,No Fishing ,"(48.576111, -124.414444)"
GORDON RIVER ,,,,,Nov 1-Apr 30,No Fishing upstream of Bugaboo Creek;  artificial fly only upstream of Bugaboo Creek when open,"(48.576111, -124.414444)"
GRACIE LAKE,,,TRUE,,,Electric motors only,"(49.212778, -125.085556)"
GRAHAM LAKE,,,,,,Electric motors only,"(49.511389, -124.7575)"
GREEN LAKE,,,TRUE,,,Electric motors only,"(51.416667, -121.209722)"
GREENSTONE CREEK,,TRUE,,,,No Fishing,"(50.017222, -125.571667)"
GUNFLINT LAKE,,,,,,"Trout release; bait ban, single barbless hook; electric motors only","(50.071111, -124.954444)"
HAGUE LAKE,,,,,,Electric motors only,"(50.061667, -124.968611)"
HARRIS CREEK,,TRUE,,,July 15-Aug 31,No Fishing,"(48.582222, -124.275556)"
HARRIS CREEK,,,,,,No Fishing upstream of and including Hemmingsen Creek,"(48.582222, -124.275556)"
HAREWOOD (Extension) LAKE,,,,,,Trout daily quota = 2,"(49.094444, -123.943056)"
HASLAM CREEK,,,,,,No Fishing,"(49.08, -123.8625)"
HAWARTH LAKE,,,,,,No Fishing,"(49.927778, -125.753333)"
HEALY (Panther) LAKE,,,,,,"Trout release; fly fishing only, bait ban, single barbless hook","(49.139722, -124.319167)"
HEALY LAKE’S OUTLET STREAM,,,,,,No Fishing,"(49.139722, -124.319167)"
HEBER RIVER,,,,,,"No Fishing downstream of top of the lower canyon, located approximately 1.3 km upstream of the Gold River confluence","(49.773889, -126.051667)"
HEBER RIVER,,,,,Nov 1-Apr 30,No Fishing upstream of top of the lower canyon,"(49.773889, -126.051667)"
HEBER RIVER,,,,,May 1-Oct 31,Fly fishing only downstream of Saunders Creek to the top of the lower canyon,"(49.773889, -126.051667)"
HEMMINGSEN CREEK,,TRUE,,,,No Fishing,"(48.631389, -124.254167)"
HENRY LAKE,,,,,,"Trout release; artificial fly only, bait ban, single barbless hook","(53.771389, -123.249167)"
HIGGENS LAKE,,,,,,"Trout release; bait ban, single barbless hook","(50.075, -125.509722)"
HOLLAND LAKE,,,,,,No powered boats,"(48.948056, -123.865278)"
IDA LAKE,,,,,,"No trout over 50 cm; bait ban, single barbless hook","(50.451389, -126.813056)"
ILLUSION LAKES,,,,,,No powered boats,"(49.3525, -124.637778)"
JASPER LAKE,,,,,,"Trout release; bait ban, single barbless hook","(50.171944, -125.405)"
JOHN HART LAKE’S TRIBUTARIES,,,,,Apr 15-July 15,No Fishing (includes channel downstream of Ladore Dam),"(50.046389, -125.372778)"
JUNE LAKE,,,,,,Trout daily quota = 2,"(49.475833, -125.261944)"
KAKWEIKEN LAKE,,,,,,"Trout release; bait ban, single barbless hook","(50.885278, -125.958611)"
KAKWEIKEN RIVER,,TRUE,,,Apr 1-Oct 31,Class II water,"(50.806667, -126.024167)"
KAKWEIKEN RIVER,,,,,Apr 1-June 30,Steelhead Stamp mandatory,"(50.806667, -126.024167)"
GREAT CENTRAL LAKE,,,,,Jan 1-Apr 30,"No Fishing, from the dam to fishing boundary signs approximately 50 m upstream (southwest) of the Ash Main Bridge","(49.35, -125.25)"
GREAT CENTRAL LAKE,,,,,,"Single barbless hook, no wild rainbow trout over 50 cm","(49.35, -125.25)"
HONNA RIVER,,TRUE,,,,Cutthroat trout release,"(53.248889, -132.131667)"
HONNA RIVER,,,,,Sept 1-Apr 30,Class II water,"(53.248889, -132.131667)"
HONNA RIVER,,,,,Dec 1-Apr 30,Steelhead Stamp mandatory,"(53.248889, -132.131667)"
KEMP LAKE,,,TRUE,,,No powered boats,"(48.379167, -123.780834)"
KEOGH RIVER,,,,,," No Fishing downstream of lower fish counting fence near tidewater
","(50.6775, -127.348333)"
KEOGH RIVER,,,,,Dec 1-May 31,No Fishing in all parts,"(50.6775, -127.348333)"
KINGCOME RIVER ,TRUE,TRUE,,,Apr 1-Oct 31,Class II water,"(50.927222, -126.187222)"
KINGCOME RIVER ,,,,,Apr 1-June 30,Steelhead Stamp mandatory ,"(50.927222, -126.187222)"
KOKISH RIVER,,,,,Nov 1-Apr 30,No Fishing from boundary signs in Kokish canyon to Ida Lake,"(50.531389, -126.871389)"
KOKISH RIVER,,,,,,No Fishing from the log boom located approximately 100 m upstream of the IPP intake to signs at the tail of the canyon pool located approximately 250 m downstream,"(50.531389, -126.871389)"
KOKISH RIVER,,,,,,No Fishing between signs at the IPP tail race confluence downstream approximately 500 m to signs,"(50.531389, -126.871389)"
KOKSILAH RIVER ,,TRUE,,,Dec 1-May 31,No Fishing,"(48.750833, -123.641389)"
KOKSILAH RIVER ,,,,,July 1-Sept 30,No Fishing,"(48.750833, -123.641389)"
KOKSILAH RIVER ,,,,,,Chinook TBD,"(48.750833, -123.641389)"
KOKSILAH RIVER ,,,,,Apr 1-Mar 31,"Coho Salmon 1 per day, maximum size 35 cm","(48.750833, -123.641389)"
LAKE WESTON (“Weston Lake”),,,,,,"Trout daily quota = 1 (none over 50 cm); bait ban, single barbless hook; electric motors only","(48.784722, -123.424444)"
LANGFORD LAKE,,,TRUE,,,Smallmouth bass daily quota = 4,"(48.448056, -123.530278)"
LANGFORD LAKE,,,,,,Electric motors only; fishing platforms are available off Leigh Road and the Nixon Trail,"(48.448056, -123.530278)"
“LINK” RIVER,,,,,,See Marble River,"(52.351389, -127.685278)"
LITTLE MAIN LAKE (Quadra Island),,,,,Nov 1-Apr 30,Bait ban and single barbless hook,"(50.209722, -125.253056)"
LITTLE MAIN LAKE (Quadra Island),,,,,,electric motors only,"(50.209722, -125.253056)"
LITTLE QUALICUM RIVER ,,,,,July 15-Aug 31,No Fishing,"(49.365, -124.494722)"
LITTLE QUALICUM RIVER ,,,,,, No Fishing - All tributaries,"(49.365, -124.494722)"
LITTLE QUALICUM RIVER ,,,,,Dec 1-May 31,No Fishing from the falls in Little Qualicum Falls Provincial Park downstream to the hatchery fence,"(49.365, -124.494722)"
LITTLE QUALICUM RIVER ,,,,,,The standard 100 m closure around a fish rearing facility has been reduced to a no fishing area from the hatchery fence to signs approximately 35 m downstream,"(49.365, -124.494722)"
LITTLE QUALICUM RIVER ,,,,,Sept 1-Nov 30,Fly fishing only (where open),"(49.365, -124.494722)"
LITTLE QUALICUM RIVER ,,,,,Sept 1-Nov 30,All Salmon species Fly FIshing Only,"(49.365, -124.494722)"
LITTLE QUALICUM RIVER ,,,,,Apr 1-Mar 31,No Fishing from the hatchery fence to signs located approximately 35 meters downstream ,"(49.365, -124.494722)"
LITTLE QUALICUM RIVER ,,,,,Dec 1 to May 31,No fishing from the falls in Little Qualicum Falls Provincial Park downstream to the hatchery fence,"(49.365, -124.494722)"
LIZARD LAKE,,,TRUE,,,"Trout daily quota = 2; bait ban, single barbless hook; electric motors only","(51.073333, -123.166111)"
LIZARD POND,,,,,,"Trout daily quota = 1; artificial fly only, bait ban, single barbless hook","(47.191738, -67.051618)"
LOIS LAKE,,,TRUE,,,"Trout daily quota = 1; artificial fly only, bait ban, single barbless hook","(49.421045, -125.134992)"
LONG LAKE (Nanaimo),,,TRUE,TRUE,,Speed restriction on parts (60 km/h);     wheelchair accessible fishing platform is located in Loudon Park,"(49.211380, -124.019420)"
LOON LAKE,,,TRUE,,,Electric motors only,"(49.253142, -124.700177)"
MACKTUSH CREEK,,,,,,No Fishing,"(49.111111, -124.826389)"
MAGGIE LAKE,,,,,,"No wild rainbow trout over 50 cm; bait ban, single barbless hook","(49.010240, -125.436592)"
MAHATTA RIVER,,,,,Nov 1-Apr 30,No Fishing,"(50.466667, -127.8)"
MAIN LAKE (Quadra Island),,,,,Nov 1-Apr 30,Bait ban and single barbless hook,"(50.214837, -125.209171)"
MAIN LAKE (Quadra Island),,,,,,Engine power restriction - 7.5 kW (10 hp),"(50.214837, -125.209171)"
MAMIN RIVER,TRUE,TRUE,,,Sept 1-Apr 30,Class II water,"(53.621111, -132.310278)"
MAMIN RIVER,,,,,Dec 1-Apr 30,Steelhead Stamp mandatory,"(53.621111, -132.310278)"
MAMIN RIVER,,,,,Feb 1-Apr 30,No Fishing upstream of fishing boundary signs posted on third bridge approximately 10 km upstream of the tidal boundary,"(53.621111, -132.310278)"
MAPLE LAKE,,,TRUE,,,Electric motors only,"(49.638167, -125.016415)"
"MARBLE (“Link”) RIVER (only between
Victoria and Alice lakes)",,,,,,Fly fishing only ■,"(50.435897, -127.392884)"
MARTHA LAKE,,,TRUE,,,"Trout release; bait ban, single barbless hook","(50.030100, -125.627469)"
MATHESON LAKE ,,,TRUE,,,Electric motors only,"(48.363970, -123.601034)"
“MAXWELL LAKE” (Lake Maxwell),,,,,,Electric motors only,"(48.823078, -123.545928)"
MAYO LAKE,,,TRUE,,,Youth/Disabled Accompanied Water ,"(48.802502, -123.954180)"
MCKENZIE LAKE,,,,,,No powered boats,"(49.683889, -125.263056)"
MCNAIR LAKE,,,,,,"Trout release; bait ban, single barbless hook","(50.226311, -125.576545)"
MEGIN LAKE,,,,,,"No trout over 50 cm; bait ban, single barbless hook","(49.491731, -126.074346)"
MICHAEL LAKE ,,,,,,  No powered boats,"(49.040890, -123.810356)"
MILLER CREEK,,TRUE,,,,No Fishing,"(49.985833, -125.451111)"
MOHUN CREEK     ,,TRUE,,,Dec 1-May 31,No Fishing,"(50.111944, -125.373889)"
MOHUN CREEK     ,,,,,,No Fishing from Menzies Bay logging mainline bridge crossing to Morton Lake.,"(50.111944, -125.373889)"
MISTY LAKE,,,,,,No Fishing (located in an Ecological Reserve),"(50.607222, -127.263056)"
MORTE LAKE,,,,,,Electric motors only,"(50.144444, -125.298889)"
MUCHALAT RIVER,,TRUE,,,Dec 1-May 15,No Fishing,"(49.8425, -126.093333)"
MUCHALAT RIVER,,,,,,No wild rainbow trout over 50 cm,"(49.8425, -126.093333)"
MYRA LAKE,,,,,,No Fishing,"(49.983056, -125.750833)"
NAHMINT LAKE,,,,,,"No trout over 50 cm; bait ban, single barbless hook; engine power restriction 7.5 kW (10 hp)","(49.160278, -125.022778)"
NAHMINT RIVER,,,,,Nov 1-Apr 30,No Fishing Nahmint River (upstream and downstream of the lake),"(49.062222, -124.884167)"
NAHMINT RIVER,,,,,,fly fishing only upstream of Nahmint Lake when open,"(49.062222, -124.884167)"
NAHMINT RIVER,,,,,July 15-Aug 31,No Fishing,"(49.062222, -124.884167)"
NAHMINT RIVER,,,,,,No Fishing from power line crossing at “Bore Hole” upstream to fishing boundary signs at the mouth of Boulder Creek,"(49.062222, -124.884167)"
Nahwitti River,,,,,Apr 1-Mar 31,Coho one per day,"(50.858611, -128.008056)"
NANAIMO RIVER,,,,,Sept 15-Oct 30,No Fishing from the Cedar Road Bridge upstream approximately 400 m to the white square boundary signs near the Hwy 19 bridge,"(49.138333, -123.895556)"
NANAIMO RIVER,,,,,Dec 1-May 31,No Fishing upstream of the Hwy 1 bridge■,"(49.138333, -123.895556)"
NANAIMO RIVER,,,,,,"Artificial fly only upstream of the westernmost of the two Nanaimo Lakes, known locally as “Second” Lake, including tributaries","(49.138333, -123.895556)"
NANAIMO RIVER,,,,,,Engine power restriction on parts - 7.5 kW (10 hp),"(49.138333, -123.895556)"
NANAIMO RIVER,,,,,Oct 15-Mar 31,"including tributaries, except in the area described below. 1 Coho per day, maximum size 35 cm","(49.138333, -123.895556)"
NANAIMO RIVER,,,,,Jan 1-Dec 31,"No fishing Salmon from the power line crossing at ""Bore Hole"" upstream to the fishing boundary signs at the mouth of Boulder Creek","(49.138333, -123.895556)"
NANAIMO RIVER,,,,,Sep 15-Oct 30,No fishing salmon Cedar Road Bridge upstream approx. 400 m to the fishing boundary sign located near the Hwy 19 bridge crossing,"(49.138333, -123.895556)"
NANAIMO RIVER,,,,,Nov 1-Dec 31,"Coho 2 per day, hatchery marked only, Chum 2 per day from the upstream side of the Cedar Road Bridge, upstream to the downstream side of the Highway 1 overpass.","(49.138333, -123.895556)"
NIMPKISH RIVER,,TRUE,,,Dec 1-May 15,No Fishing upstream of Davie River,"(50.566389, -126.981944)"
NITINAT LAKE,,,,,,Note: Nitinat Lake is tidal water; tidal regulations apply and a (federal) Tidal Waters Sport Fishing Licence is required,"(48.738611, -124.760833)"
NITINAT RIVER,,TRUE,,,,Exempt from July 15-Aug 31 summer closure,"(48.821389, -124.681944)"
NITINAT RIVER,,,,,,No Fishing upstream of Parker Creek,"(48.821389, -124.681944)"
NITINAT RIVER,,,,,Aug 25-Dec 31,"No Fishing between fishing boundary signs approximately 100 m upstream of and downstream of “Red Rock Pool,” approximately 2 km (by road) south of the Nitinat River Bridge","(48.821389, -124.681944)"
NITINAT RIVER,,,,,Aug 25-Oct 15,No Fishing between boundary signs approximately 50 m upstream of and downstream of the Nitinat River Bridge,"(48.821389, -124.681944)"
NITINAT RIVER,,,,,Apr 1-Mar 31,No fishing for salmon upstream of Parker Creek,"(48.821389, -124.681944)"
NITINAT RIVER,,,,,Aug 25-Sep 30,"Chinook 2 per day, only 1 over 77 cm downstream of Parker Creek, except for areas with finfish closure","(48.821389, -124.681944)"
NITINAT RIVER,,,,,Oct 16-Dec 31,"Coho 2 per day downstream of Parker Creek, except for areas with finfish closure","(48.821389, -124.681944)"
NITINAT RIVER,,,,,Oct 16-Dec 31,"Chum 2 per day downstream of Parker Creek, except for areas with finfish closure","(48.821389, -124.681944)"
NITINAT RIVER,,,,,Aug 25-Oct 15,Finfish closure at Nitinat River from 50m upstream to 50m downstream of the Nitinat River bridge.,"(48.821389, -124.681944)"
NITINAT RIVER,,,,,Apr 1-Mar 31,"Finfish closure from the powerline crossing upstream of the Nitinat River Hatchery water intake, downstream to the lowest point of confluence with the Little Nitinat River and then perpendicular to the flow of the Nitinat River, to the opposite shore","(48.821389, -124.681944)"
NITINAT RIVER,,,,,Aug 25-Dec 31,Finfish closure between fishing boundary signs located approximately 100m above and below Red Rock Pool.,"(48.821389, -124.681944)"
NOLA LAKE,,,,,,No Fishing,"(49.964167, -125.750278)"
OYSTER RIVER,,,TRUE,,Dec 1-June 30,No Fishing upstream of the confluence with Little Oyster River■,"(49.8725, -125.115833)"
OYSTER RIVER,,,,,,Exempt from July 15-Aug 31 summer closure. ,"(49.8725, -125.115833)"
O’CONNELL LAKE,,,,,,"No trout over 50 cm; bait ban, single barbless hook","(50.391944, -127.723889)"
PALLANT CREEK ,TRUE,TRUE,,,Sept 1-Apr 30,Class II water,"(53.051944, -132.032222)"
PALLANT CREEK ,,,,,Dec 1-Apr 30,Steelhead Stamp mandatory,"(53.051944, -132.032222)"
PANTHER LAKE,,,,,,See Healy Lake,"(49.685278, -125.316389)"
PERRY LAKE,,,,,,"Trout daily quota = 1 (none over 50 cm); bait ban, single barbless hook","(49.883889, -126.581667)"
"“PETE’S POND” Unnamed lake at the
head of San Juan River",,,,,,"Trout release; artificial fly only, bait ban, single barbless hook","(48.72099, -123.98002)"
PRIOR LAKE,,,TRUE,,,No powered boats,"(48.476389, -123.466944)"
PROSPECT LAKE ,,,TRUE,,,Smallmouth bass daily quota = 4; speed restriction on parts (8 and 60 km/h),"(53.974722, -131.750278)"
PROVOST DAM,,,,,,No powered boats,"(48.847196, -123.749852)"
PUNTLEDGE RIVER,,,,,,Exempt from July 15-Aug 31 summer closure,"(49.697799, -124.996210)"
PUNTLEDGE RIVER,,,,,,"Fly fishing only upstream of the BC Hydro diversion dam (approximately 3.5 km downstream of Comox Lake), including tributaries","(49.697799, -124.996210)"
PUNTLEDGE RIVER,,,,,,No Fishing tributaries,"(49.697799, -124.996210)"
PUNTLEDGE RIVER,,,,,,No Fishing from fishing boundary signs located 50 m upstream of the BC Hydro generating station tailrace to signs located 75 m downstream of the Puntledge River hatchery fence (total distance approximately 500 m),"(49.697799, -124.996210)"
PUNTLEDGE RIVER,,,,,,No Fishing between fishing boundary signs approximately 100 m upstream and downstream of the confluence with Morrison Creek,"(49.697799, -124.996210)"
PUNTLEDGE RIVER,,,,,,No Fishing downstream of the BC Hydro diversion dam (approximately 3.5 km downstream of Comox Lake) to the base of Stotan Falls (approximately 450 m downstream of the Duncan Bay Mainline logging road bridge),"(49.697799, -124.996210)"
PUNTLEDGE RIVER,,,,,Apr 1 to Mar 31,No fishing for salmon from the weir at the lower hatchery to fishing boundary signs approximately 75m downstream of the weir.,"(49.697799, -124.996210)"
PUNTLEDGE RIVER,,,,,Oct 1 to Nov 30,"Coho Salmon 1 per day, hatchery marked only downstream from a fishing boundary sign located 75m downstream of the weir at the lower hatchery (excluding the Morrison Creek closure below).","(49.697799, -124.996210)"
PUNTLEDGE RIVER,,,,,Oct 1 to Dec 31,Chum 2 per day downstream from a fishing boundary sign located 75m downstream of the weir at the lower hatchery (excluding the Morrison Creek closure below).,"(49.697799, -124.996210)"
PUNTLEDGE RIVER,,,,,Apr 1 to Mar 31,Finfish closure at Morrison Creek closure: between fishing boundary signs located 100m upstream and downstream of the confluence with Morrison Creek.,"(49.697799, -124.996210)"
QUALICUM RIVER,,,,,,No Fishing downstream of boundary signs located approximately 100 m downstream of the hatchery counting fence,"(49.398056, -124.610278)"
QUALICUM RIVER,,,,,Aug 15-Oct 15,No Fishing from the upper hatchery weir (located 125 m downstream of the E&N Trestle) to boundary sign: located approximately 100 m downstream of the hatchery counting fence,"(49.398056, -124.610278)"
QUALICUM RIVER,,,,,,No Fishing tributaries,"(49.398056, -124.610278)"
QUALICUM RIVER,,,,,,"Single barbless hook, no hooks greater than 15 mm from point to shank","(49.398056, -124.610278)"
QUALICUM RIVER,,,,TRUE,,Exempt from July 15-Aug 31 summer closure,"(49.398056, -124.610278)"
QUALICUM RIVER,,,,,,wheelchair accessible fishing platform is located at the hatchery,"(49.398056, -124.610278)"
QUALICUM RIVER,,,,,Sept 30 to Dec 31,Coho 2 per day at those waters upstream of the Big Qualicum Hatchery upper weir (located approximately 125 m downstream of the E&N railway bridge).,"(49.398056, -124.610278)"
QUALICUM RIVER,,,,,Aug 15 to Oct 15,Pink Salmon 4 per day at those waters upstream of the Big Qualicum Hatchery upper weir (located approximately 125 m downstream of the E&N railway bridge).,"(49.398056, -124.610278)"
QUALICUM RIVER,,,,,Aug 15 to Oct 15,No fishing for salmon downstream of the upper weir (located approximately 125 m downstream of the E&N railway bridge) to the QFN boundary fence located approximately 100 m downstream of the hatchery counting fence,"(49.398056, -124.610278)"
QUALICUM RIVER,,,,,Apr 1 to Mar 31,No fishing for salmon from the Reserve boundary below the Big Qualicum hatchery downstream to the Hwy 19A bridge,"(49.398056, -124.610278)"
QUALICUM RIVER,,,,,,,"(49.398056, -124.610278)"
QUATSE RIVER,,TRUE,TRUE,,May 1-June 15,No Fishing,"(50.699722, -127.48)"
QUATSE RIVER,,,,,,Hatchery steelhead daily quota = 1,"(50.699722, -127.48)"
QUATSE RIVER,,,,,Dec 1-June 15,No Fishing upstream of the Quatse River fishway (approximately 1.4 km upstream of Dick Booth Creek),"(50.699722, -127.48)"
QUATSE RIVER,,,,,May 1-Nov 30,Bait ban,"(50.699722, -127.48)"
QUATSE RIVER,,,,,Jun 15 to Mar 31,"Coho 2 per day, hatchery marked fish only.","(50.699722, -127.48)"
QUATSE RIVER,,,,,Apr 1 to Mar 31,No fishing 100m upstream and downstream of the Quatse River Hatchery weir,"(50.699722, -127.48)"
QUENNELL LAKE,,,TRUE,,,Smallmouth bass daily quota = 4; speed restriction on parts (8 km/h),"(49.067222, -123.819722)"
QUINSAM RIVER,,TRUE,,TRUE,,"No Fishing from the fishing boundary signs at power line crossing (approximately 25 m upstream of Quinsam Hatchery weir) to fishing boundary signs approximately 300 m downstream of weir
","(50.0375, -125.293889)"
QUINSAM RIVER,,,,,Dec 1-June 30,No Fishing from the falls situated downstream of Middle Quinsam Lake to the fishing boundary signs at power line crossing (approximately 25 m upstream of the Quinsam hatchery weir),"(50.0375, -125.293889)"
QUINSAM RIVER,,,,,,Exempt from July 15-Aug 31 summer closure,"(50.0375, -125.293889)"
QUINSAM RIVER,,,,,,wheelchair accessible fishing platform is located near the Hwy 28 Bridge,"(50.0375, -125.293889)"
QUINSAM RIVER,,,,,Oct 1-Dec 31,"4 coho per day in the aggregate, only two of which may be greater than 35 cm and those two must be hatchery marked.","(50.0375, -125.293889)"
QUINSAM RIVER,,,,,July 24-Sep 15,4 Pink salmon per day,"(50.0375, -125.293889)"
REAY CREEK,,,,,Apr 1-Mar 31,No fishing for salmon,"(48.633611, -123.406667)"
REGAN LAKE,,,,,,"Trout release; bait ban, single barbless hook","(49.819444, -125.314444)"
REGINALD LAKE,,,TRUE,,,"Trout release; bait ban, single barbless hook","(49.993889, -125.538611)"
ROBERTS LAKE,,,,,,"No trout over 50 cm; bait ban, single barbless hook","(50.2225, -125.543056)"
ROGERS CREEK,,,,,Dec 1-Apr 30,No Fishing,"(49.255, -124.811944)"
ROSELLE LAKE,,,,,,Trout daily quota = 2,"(50.519444, -126.989444)"
ROSEN LAKE (Read Island),,,,,,No powered boats,"(50.154373, -125.127848)"
ROWBOTHAM LAKE,,,,,,"Trout release; artificial fly only, bait ban, single barbless hook","(49.228056, -124.5)"
ST. MARY LAKE,,,TRUE,,,Electric motors only,"(48.891667, -123.545556)"
SAN JUAN RIVER,,TRUE,,,,No Fishing upstream of Fleet River,"(48.559722, -124.398611)"
SAN JUAN RIVER,,,,,July 15-Aug 31,No Fishing,"(48.559722, -124.398611)"
SAN JUAN RIVER,,,,,,Coho Opportunities dependent on in-season coho run size (coho over 35 cm) at the waters of the San Juan River and its tributaries downstream of the Fleet River that are open to fishing for salmon,"(48.559722, -124.398611)"
SEYMOUR RIVER,,,,,Aug 15-Oct 31,Class II water,"(51.193056, -126.6725)"
SEYMOUR RIVER,,,,,,Steelhead Stamp not required unless fishing for steelhead,"(51.193056, -126.6725)"
SEYMOUR RIVER,,,,,Apr 1 to Mar 31,Coho 2 per day,"(51.193056, -126.6725)"
SHAWNIGAN CREEK,,,,,Apr 1 to Mar 31,No Fishing for Salmon,"(48.655556, -123.559444)"
SHAWNIGAN LAKE,,,TRUE,,,Smallmouth bass daily quota = 4; Speed restrictions on parts (8 and 65 km/h),"(48.657778, -123.62639)"
SALMON RIVER ,,TRUE,,,,No Fishing upstream of Kay Creek,"(50.373056, -125.929722)"
SALMON RIVER ,,,,,,No powered boats upstream of confluence with White River; speed restriction (10 km/h) from estuary to confluence with White River,"(50.373056, -125.929722)"
SOMASS RIVER,,,TRUE,,,"No Fishing between the tidal boundary at Papermill Dam to boundary signs approximately 1.0 km upstream (Falls Road Gravel Pit and the southern most end of Collins Farm/Arrow Vale Campground on Hector Road), Aug 25-Nov 15","(49.246389, -124.82)"
SOMASS RIVER,,,,,June 1-Aug 24,Bait ban,"(49.246389, -124.82)"
SOMASS RIVER,,,,,,Engine power restriction 7.5 kW (10 hp),"(49.246389, -124.82)"
SOMASS RIVER,,,,,Aug 25 to Dec 31,"Chinook 2 per day, 1 of which may be more than 77cm in length, except in the areas with restrictions","(49.246389, -124.82)"
SOMASS RIVER,,,,,Aug 25 to Dec 31,Coho 2 per day except in the areas with restrictions,"(49.246389, -124.82)"
SOMASS RIVER,,,,,Aug 25 to Nov 15,Finfish closure from the tidal boundary at the Papermill Dam to white triangular fishing boundary signs approximately 0.5 km upstream (Falls Road Gravel Pit and the southernmost end of Collins Farm/Arrow Vale Campground-Hector Road).,"(49.246389, -124.82)"
SOMASS RIVER,,,,,July 1-July 23,Sockeye 1 per day between 5:00 am to 10:00 pm only at that portion of the Somass River located approximately 200 meters above and 150 metres below the island near the boat launch at Somass Park near Service Road.,"(49.246389, -124.82)"
SOOKE RIVER,,TRUE,,,Sept 1-Nov 30,Fly fishing only downstream of Sooke River Falls,"(48.383889, -123.698889)"
SOOKE RIVER,,,,,July 15-Aug 31,No Fishing,"(48.383889, -123.698889)"
SOOKE RIVER,,,,,,No Fishing from the base of the lower “potholes” falls to signs approximately 100 m downstream,"(48.383889, -123.698889)"
SPIDER LAKE,,,TRUE,,,Smallmouth bass daily quota = 4;  no powered boats,"(49.343611, -124.628333)"
SPROAT LAKE,,,,,,"Cutthroat trout release, no wild rainbow trout over 50 cm; single barbless hook","(49.283333, -124.91667)"
SPROAT RIVER,,,,,May 1-Oct 31,Bait ban,"(49.293333, -124.881944)"
SPROAT RIVER,,,,,Apr 1-Mar 31,No retention of salmon,"(49.293333, -124.881944)"
SPROAT RIVER,,,,,Jun 15-Nov 15,Finfish closure from Sproat River from Sproat Lake to fishing boundary signs approx. 300m downstream of Hwy 4,"(49.293333, -124.881944)"
STAMP RIVER,,,TRUE,,June 15-Nov 15,No Fishing between fishing boundary signs 200 m upstream of and 500 m downstream of Stamp Falls,"(49.294167, -124.883333)"
STAMP RIVER,,,,,Jan 1-Apr 30,No Fishing from the confluence with Ash River upstream to the Great Central Lake dam,"(49.294167, -124.883333)"
STAMP RIVER,,,,,,Bait ban all year upstream of signs at “Girl Guide Falls” (approximately 250 m upstream of the mouth of Beaver Creek),"(49.294167, -124.883333)"
STAMP RIVER,,,,,June 1-Aug 24,Bait ban downstream of signs at “Girl Guide Falls” (approximately 250 m upstream of the mouth of Beaver Creek),"(49.294167, -124.883333)"
STAMP RIVER,,,,,,"Engine power restriction 7.5 kW (10 hp), on parts","(49.294167, -124.883333)"
STAMP RIVER,,,,,Aug 25-Dec 31,"Chinook 2 per day, 1 of which may be more than 77 cm. in length, except in areas with restrictions","(49.294167, -124.883333)"
STAMP RIVER,,,,,Aug 25-Dec 31,Coho 2 per day,"(49.294167, -124.883333)"
STAMP RIVER,,,,,,,"(49.294167, -124.883333)"
STAMP RIVER,,,,,,,"(49.294167, -124.883333)"
STAMP RIVER,,,,,,,"(49.294167, -124.883333)"
STEWART LAKE,,,,,,"No trout over 50 cm; bait ban, single barbless hook; electric motors only","(50.046389, -126.007778)"
STOCKING LAKE,,,,,,No powered boats,"(48.959722, -123.825278)"
“STOWELL LAKE” (Lake Stowell),,,TRUE,,,Electric motors only,"(48.781536, -123.443636)"
STRAMBERG LAKE,,,,,,"Trout release; bait ban, single barbless hook; electric motors only","(50.190278, -125.247222)"
STRATHCONA PARK WATERS,,,,,,"No powered boats on any water within Strathcona Park except Gold, Upper Campbell and Buttle lakes","(49.838390, -125.620587)"
TADJISS LAKE,,,TRUE,,,"Trout daily quota = 1; artificial fly only, bait ban, single barbless hook","(48.691944, -123.864444)"
TAYLOR RIVER,,,,,,Fly fishing only,"(49.285556, -125.208889)"
THELWOOD CREEK,,,,,,No Fishing,"(49.56, -125.554722)"
THETIS LAKE,,,TRUE,,,Electric motors only,"(48.468757, -123.471133)"
TLELL RIVER,,TRUE,,,,Cutthroat trout release,"(53.618611, -131.932778)"
TLELL RIVER,,,,,Sept 1-Apr 30,Class II water,"(53.618611, -131.932778)"
TLELL RIVER,,,,,Dec 1-Apr 30,Steelhead Stamp mandatory,"(53.618611, -131.932778)"
TLELL RIVER,,,,,,Tidal waters regulations apply to waters downstream of tidal boundary sign located 1.5 km upstream of Hwy 16 Bridge,"(53.618611, -131.932778)"
SPROAT RIVER,,,,,June 15-Nov 15,No Fishing from Sproat Lake to fishing boundary signs approximately 300 m downstream of Hwy 4,"(49.293333, -124.881944)"
SPROAT RIVER,,,,,May 1-Oct 31,Bait ban,"(49.293333, -124.881944)"
TLOWILS LAKE,,,,,,Electric motors only,"(50.259167, -125.998333)"
TLOOLS LAKE,,,,,,No Fishing,"(49.938611, -125.750556)"
TOQUART LAKE,,,,,,"No trout over 50 cm; bait ban, single barbless hook","(49.084483, -125.354739)"
TOQUART RIVER,,TRUE,,,,Fly fishing only upstream of the Toquart mainline logging bridge when open,"(49.042947, -125.359988)"
TOQUART RIVER,,,,,Nov 1-May 31,"No Fishing upstream of the boundary sign located near the falls approximately 800 m downstream of Toquart Lake (including the Upper Toquart River). Note:  this includes the
river upstream of the lake","(49.042947, -125.359988)"
TOY LAKE,,,,,,"Trout daily quota = 2; bait ban, single barbless hook","(49.455556, -125.2825)"
TRENT RIVER,,TRUE,,,Dec 1-May 31,No Fishing,"(49.643889, -124.93)"
TRENT RIVER,,,,,July 15-Aug 31,No Fishing,"(49.643889, -124.93)"
TSABLE RIVER,,TRUE,,,Dec 1-May 31,No Fishing,"(49.518611, -124.829722)"
TSABLE RIVER,,,,,July 15-Aug 31,No Fishing,"(49.518611, -124.829722)"
TSABLE LAKE,,,,,,"Trout release; bait ban, single barbless hook","(49.533056, -125.110278)"
TSITIKA RIVER,,,,,,"No Fishing upstream of Catherine Creek, Nov 1-Apr 30, fly fishing only downstream of Catherine Creek","(50.480556, -126.586389)"
TSOLUM RIVER,,TRUE,,,,No Fishing,"(49.695833, -124.994167)"
UNNAMED LAKE “A”,,,,,,"Trout release; bait ban, single barbless hook","(50.219433, -125.582575)"
UNNAMED LAKE “B” - MAP A,,,,,,"Trout release; bait ban, single barbless hook","(50.192593, -125.639660)"
UNNAMED LAKE “C” - MAP,,,,,,"Trout daily quota = 2; bait ban, single barbless hook","(50.134930, -125.479331)"
UNNAMED LAKE “D” - MAP B ,,,,,,"Trout daily quota = 2; bait ban, single barbless hook","(50.119775, -125.478147)"
UNNAMED LAKE “E” - MAP,,,,,,"Trout release; bait ban, single barbless hook","(50.105854, -125.465839)"
UNNAMED LAKE “F” - MAP B,,,,,,"Trout daily quota = 2; bait ban, single barbless hook","(50.080765, -125.476949)"
UNNAMED LAKE “G” - MAP,,,,,,"Trout daily quota = 2; bait ban, single barbless hook","(50.074421, -125.476209)"
UNNAMED LAKE “H” - MAP B,,,,,,"Trout release; bait ban, single barbless hook","(50.076319, -125.412004)"
UNNAMED LAKE “I” - MAP B,,,,,,"Trout daily quota = 2; bait ban, single barbless hook","(50.064203, -125.414086)"
VILLAGE BAY LAKE,,,,,Nov 1-Apr 30,Bait ban and single barbless hook,"(50.183333, -125.196389)"
VILLAGE BAY LAKE,,,,,,Engine power restriction - 7.5 kW (10 hp),"(50.183333, -125.196389)"
WAHPEETO CREEK,,,,,,No Fishing within 100 m downstream of the falls situated approximately 4.5 km upstream of Wakeman River,"(51.145, -126.4825)"
WAKEMAN RIVER,,TRUE,,,Apr 1-Oct 31,Class II water,"(51.037778, -126.518056)"
WAKEMAN RIVER,,,,,Apr 1-June 30,Steelhead Stamp mandatory,"(51.037778, -126.518056)"
Washlawlis River        ,,,,,Apr 1-Mar 31,Coho 1 per day,"(50.36000, -127.25000)"
Waukwaas River,,,,,Apr 1-Mar 31,Coho 1 per day,"(50.35000, -127.25000)"
“WESTON LAKE”,,,,,,See Lake Weston,"(48.784204, -123.425736)"
WESTWOOD LAKE,,,TRUE,TRUE,,Smallmouth bass daily quota = 4. wheelchair accessible fishing platform is located in Westwood Lake Park,"(49.160856, -124.001410)"
WHITE RIVER,,TRUE,,,,No Fishing between fishing boundary signs at the salmon viewing pool,"(50.141787, -126.035877)"
WHITE RIVER,,,,,Nov 1-Apr 30,No Fishing upstream of the Sayward Road Bridge crossing,"(50.141787, -126.035877)"
WILLEMAR LAKE,,,,,,"No trout over 50 cm; bait ban, single barbless hook","(49.508611, -125.1925)"
WOWO LAKE,,,TRUE,,,"Trout daily quota = 2; artificial fly only, bait ban, single barbless hook","(49.857222, -125.380278)"
WOWO LAKE,,,,,,Electric motors only,"(49.857222, -125.380278)"
YAKOUN RIVER,TRUE,TRUE,,,Oct 1-Apr 30,No Fishing from Yakoun Lake downstream approximately 13 km to posted fishing boundary signs,"(53.656944, -132.205833)"
YAKOUN RIVER,,,,,,No powered boats,"(53.656944, -132.205833)"
YAKOUN RIVER,,,,,,Cutthroat trout release,"(53.656944, -132.205833)"
YAKOUN RIVER,,,,,Sept 1-Apr 30,Class II water,"(53.656944, -132.205833)"
YAKOUN RIVER,,,,,Dec 1-Apr 30,Steelhead Stamp mandatory,"(53.656944, -132.205833)"
ZEBALLOS LAKE,,,,,,No Fishing,"(50.080278, -126.74)"
ZEBALLOS RIVER,,TRUE,,,Nov 1-Apr 30,No Fishing,"(49.981667, -126.8525)"
Big Qualicum River,,,,,Aug 15-Oct 15,Reduced area of the  angling closure in the vicinity of the E&N trestle.,"(49.394022, -124.617840)"
Gordon River,,,,,Nov 1-Apr 30,No Fishing,"(48.766755, -124.333624)"
Heber River,,,,,Nov 1-Apr 30,No Fishing,"(49.773889, -126.051667)"
Nahmint River ,,,,,Nov 1-Apr 30,No Fishing,"(49.062222, -124.884167)"
Rogers Creek,,,,,Dec 1-Apr 30,No Fishing,"(49.255, -124.811944)"